Data Point,Latitude,Longitude,Altitude,RSRP,RF Channel Power,RSSI,SINR,RSRQ,OSTP,Text,Voice,Video
1,39.68869167,-106.9443733,2225.3,-21.29075527,,,,,,Good,Good,Good
2,39.68865833,-106.944255,2226.1,-35.40897248,,,,,,Good,Good,Good
3,39.68862167,-106.94408829999999,2226.8,-46.80549183,,,,,,Good,Good,Good
4,39.68858667,-106.943955,2226.7,-52.84710041,,,,,,Good,Good,Good
5,39.688555,-106.9438217,2226.3,-57.48655215,,,,,,Good,Good,Good
6,39.68851167,-106.94366000000001,2226.1,-61.99424986,,,,,,Good,Good,Good
7,39.68846833,-106.94353999999998,2227.2,-64.83345549,,,,,,Good,Good,Good
8,39.68841,-106.94341999999999,2228.7,-67.3869263,,,,,,Good,Good,Good
9,39.68835167,-106.94332,2230.6,-69.34253629,,,,,,Good,Good,Good
10,39.68829833,-106.943225,2232.2,-71.04168441,,,,,,Good,Good,Good
11,39.68823667,-106.94311,2233.9,-72.91975302,,,,,,Good,Good,Good
12,39.68817333,-106.9429867,2235.6,-74.75043196,,,,,,Good,Good,Good
13,39.68811167,-106.9428483,2237.6,-76.59311377,,,,,,Good,Good,Good
14,39.68806,-106.9427133,2238.8,-78.2125041,,,,,,Good,Good,Good
15,39.68801,-106.9425817,2239.2,-79.67322375,,,,,,Good,Good,Good
16,39.68795667,-106.94244170000002,2238.7,-81.11886619,,,,,,Good,Good,Good
17,39.68789833,-106.9422933,2238.0,-82.55026808,,,,,,Good,Good,Good
18,39.687825,-106.9421433,2238.0,-83.9387663,,,,,,Good,Good,Good
19,39.68774833,-106.941985,2237.5,-85.30581592,,,,,,Good,Good,Good
20,39.68768667,-106.9418433,2236.7,-86.43855493,,,,,,Good,Good,Good
21,39.68762667,-106.94171000000001,2235.8,-87.45350521,,,,,,Good,Good,Good
22,39.68755833,-106.94155,2234.8,-88.59941039,,,,,,Good,Good,Good
23,39.68749167,-106.9413983,2233.1,-89.63251312,,,,,,Good,Good,Good
24,39.68743833,-106.94126000000001,2232.0,-90.51483978,,,,,,Good,Good,Good
25,39.68738667,-106.941125,2231.2,-91.33927193,,,,,,Good,Good,Good
26,39.68734167,-106.94115,2231.2,-91.29944665,,,,,,Good,Good,Good
27,39.68728833,-106.94121499999999,2231.9,-91.07337347,,,,,,Good,Good,Good
28,39.687245000000004,-106.9413017,2232.0,-90.71634611,,,,,,Good,Good,Good
29,39.68717333,-106.941295,2231.1,-90.92132082,,,,,,Good,Good,Good
30,39.68709333,-106.941325,2230.6,-90.96446771,,,,,,Good,Good,Good
31,39.68699833,-106.94134,2229.7,-91.13387232,,,,,,Good,Good,Good
32,39.68692,-106.94138329999998,2229.7,-91.13037177,,,,,,Good,Good,Good
33,39.68685167,-106.94146,2230.0,-90.94789253,,,,,,Good,Good,Good
34,39.68679167,-106.9415217,2229.4,-90.82666497,,,,,,Good,Good,Good
35,39.68671,-106.94156000000001,2228.6,-90.89688476,,,,,,Good,Good,Good
36,39.68667333,-106.94161670000001,2228.5,-90.74612718,,,,,,Good,Good,Good
37,39.686645,-106.94171000000001,2228.4,-90.39938595,,,,,,Good,Good,Good
38,39.686595000000004,-106.9418117,2227.8,-90.09588265,,,,,,Good,Good,Good
39,39.68658667,-106.941875,2227.8,-89.82836157,,,,,,Good,Good,Good
40,39.686634999999995,-106.94198670000002,2227.8,-89.10829926,,,,,,Good,Good,Good
41,39.686675,-106.94209170000002,2228.3,-88.43132162,,,,,,Good,Good,Good
42,39.68669833,-106.942225,2228.7,-87.66244203,,,,,,Good,Good,Good
43,39.68672833,-106.94233670000001,2228.5,-86.95458983,,,,,,Good,Good,Good
44,39.68677167,-106.94243999999999,2228.3,-86.20653902,,,,,,Good,Good,Good
45,39.68681833,-106.9425367,2227.7,-85.45223249,,,,,,Good,Good,Good
46,39.68692,-106.94259170000001,2227.7,-84.61297851,,,,,,Good,Good,Good
47,39.68699,-106.94268829999999,2227.4,-83.66434139,,,,,,Good,Good,Good
48,39.68705167,-106.94275829999998,2226.7,-82.88452285,,,,,,Good,Good,Good
49,39.68713667,-106.942825,2227.0,-81.95334283,,,,,,Good,Good,Good
50,39.68720833,-106.94292,2226.2,-80.8664286,,,,,,Good,Good,Good
51,39.687259999999995,-106.94303000000001,2226.8,-79.74688498,,,,,,Good,Good,Good
52,39.68729333,-106.9431233,2227.1,-78.82959215,,,,,,Good,Good,Good
53,39.68735167,-106.943215,2228.2,-77.69219214,,,,,,Good,Good,Good
54,39.68741667,-106.9433183,2228.3,-76.33956863,,,,,,Good,Good,Good
55,39.687490000000004,-106.94341170000001,2227.5,-74.90201066,,,,,,Good,Good,Good
56,39.687585,-106.94346670000002,2225.6,-73.49294219,,,,,,Good,Good,Good
57,39.687645,-106.9435733,2223.5,-71.84017073,,,,,,Good,Good,Good
58,39.68765167,-106.943595,2223.4,-71.55085014,,,,,,Good,Good,Good
59,39.687665,-106.94362,2221.7,-71.14885402,,,,,,Good,Good,Good
60,39.68772167,-106.9437267,2221.2,-69.35545591,,,,,,Good,Good,Good
61,39.68779333,-106.943825,2219.1,-67.29063713,,,,,,Good,Good,Good
62,39.68782167,-106.9438817,2217.9,-66.21322881,,,,,,Good,Good,Good
63,39.68791833,-106.94393829999999,2218.1,-63.89536319,,,,,,Good,Good,Good
64,39.688,-106.9440083,2218.9,-61.38147492,,,,,,Good,Good,Good
65,39.68808167,-106.9440783,2220.2,-58.50872856,,,,,,Good,Good,Good
66,39.68820167,-106.944135,2222.0,-54.33749066,,,,,,Good,Good,Good
67,39.68827167,-106.94416499999998,2223.4,-51.5324223,,,,,,Good,Good,Good
68,39.68835833,-106.94418329999999,2224.2,-48.11506136,,,,,,Good,Good,Good
69,39.68841167,-106.9442367,2224.6,-44.07068369,,,,,,Good,Good,Good
70,39.68848167,-106.94428,2225.6,-38.68012687,,,,,,Good,Good,Good
71,39.68855,-106.94436329999999,2226.2,-27.83811921,,,,,,Good,Good,Good
72,39.68864,-106.94441,2227.3,-10.95579467,,,,,,Good,Good,Good
73,39.68865833,-106.9444767,2226.7,31.33886145,,,,,,Good,Good,Good
74,39.68867833,-106.9444767,2225.3,6.26887995,,,,,,Good,Good,Good
75,39.68869167,-106.94447,2225.0,-1.67787975,,,,,,Good,Good,Good
76,39.68869833,-106.9444633,2224.5,-5.11384369,,,,,,Good,Good,Good
77,39.68868333,-106.94447,2224.4,2.91648092,,,,,,Good,Good,Good
78,39.688675,-106.94448670000001,2225.4,6.27623966,,,,,,Good,Good,Good
79,39.68858167,-106.94451670000001,2224.4,-15.8402522,,,,,,Good,Good,Good
80,39.68846167,-106.94454329999999,2223.9,-33.86564886,,,,,,Good,Good,Good
81,39.688359999999996,-106.9445783,2223.6,-42.39357361,,,,,,Good,Good,Good
82,39.68824667,-106.9446217,2223.1,-49.00550974,,,,,,Good,Good,Good
83,39.68814667,-106.94466000000001,2222.5,-53.44312354,,,,,,Good,Good,Good
84,39.688109999999995,-106.944725,2222.4,-55.52016914,,,,,,Good,Good,Good
85,39.68806,-106.94477830000001,2222.6,-57.68865799,,,,,,Good,Good,Good
86,39.68800167,-106.9448233,2222.0,-59.75955534,,,,,,Good,Good,Good
87,39.68795,-106.9448783,2221.9,-61.61970754,,,,,,Good,Good,Good
88,39.68788667,-106.944915,2222.4,-63.35003428,,,,,,Good,Good,Good
89,39.68783667,-106.94498,2222.8,-65.00786211,,,,,,Good,Good,Good
90,39.687785,-106.94503,2223.0,-66.42388962,,,,,,Good,Good,Good
91,39.687705,-106.945085,2222.5,-68.22494255,,,,,,Good,Good,Good
92,39.68764167,-106.945145,2222.2,-69.69374794,,,,,,Good,Good,Good
93,39.68755,-106.9451433,2221.1,-70.91610404,,,,,,Good,Good,Good
94,39.687475,-106.94516999999999,2220.6,-72.09174822,,,,,,Good,Good,Good
95,39.68741333,-106.94519,2220.6,-72.99735774,,,,,,Good,Good,Good
96,39.68737833,-106.94523329999998,2219.2,-73.71294821,,,,,,Good,Good,Good
97,39.68729333,-106.9452483,2217.7,-74.77654246,,,,,,Good,Good,Good
98,39.68722167,-106.94521999999999,2216.4,-75.39776946,,,,,,Good,Good,Good
99,39.68715,-106.94522169999999,2215.0,-76.18328536,,,,,,Good,Good,Good
100,39.68707833,-106.94523500000001,2214.1,-77.00306795,,,,,,Good,Good,Good
101,39.68698833,-106.94526670000002,2212.6,-78.06004126,,,,,,Good,Good,Good
102,39.68692,-106.94527,2211.1,-78.7353694,,,,,,Good,Good,Good
103,39.686855,-106.9452483,2211.1,-79.25882067,,,,,,Good,Good,Good
104,39.686775,-106.94522830000001,2211.6,-79.92387817,,,,,,Good,Good,Good
105,39.686704999999996,-106.9451983,2212.0,-80.45508835,,,,,,Good,Good,Good
106,39.68663333,-106.94523170000001,2211.5,-81.20011345,,,,,,Good,Good,Good
107,39.68658,-106.94525,2210.9,-81.71625695,,,,,,Good,Good,Good
108,39.68658167,-106.945245,2210.6,-81.68630945,,,,,,Good,Good,Good
109,39.686495,-106.945275,2209.5,-82.49973582,,,,,,Good,Good,Good
110,39.68639,-106.94528829999999,2208.9,-83.37711461,,,,,,Good,Good,Good
111,39.686295,-106.94526499999999,2208.5,-84.04848824,,,,,,Good,Good,Good
112,39.68619833,-106.94528000000001,2207.6,-84.80997459,,,,,,Good,Good,Good
113,39.68613167,-106.94529170000001,2206.7,-85.32228006,,,,,,Good,Good,Good
114,39.686054999999996,-106.94533329999999,2205.6,-85.95981117,,,,,,Good,Good,Good
115,39.68595833,-106.94535330000001,2204.1,-86.66445138,,,,,,Good,Good,Good
116,39.68587167,-106.94533999999999,2203.3,-87.21113345,,,,,,Good,Good,Good
117,39.68583667,-106.94538670000001,2201.7,-87.5349091,,,,,,Good,Good,Good
118,39.68581167,-106.94541170000001,2200.2,-87.74688067,,,,,,Good,Good,Good
119,39.68576167,-106.94542,2200.7,-88.079076,,,,,,Good,Good,Good
120,39.68579833,-106.9454133,2200.5,-87.83475976,,,,,,Good,Good,Good
121,39.68584,-106.94543,2200.6,-87.60568151,,,,,,Good,Good,Good
122,39.68586,-106.94548999999999,2200.4,-87.61288637,,,,,,Good,Good,Good
123,39.685835,-106.94556670000001,2200.5,-87.94941472,,,,,,Good,Good,Good
124,39.68581333,-106.9455933,2201.9,-88.14618222,,,,,,Good,Good,Good
125,39.68577833,-106.94563670000001,2202.6,-88.46238149,,,,,,Good,Good,Good
126,39.68575,-106.9456983,2203.7,-88.78064611,,,,,,Good,Good,Good
127,39.68571,-106.9457683,2204.4,-89.18580267,,,,,,Good,Good,Good
128,39.685655,-106.94583829999999,2204.2,-89.6703302,,,,,,Good,Good,Good
129,39.68560167,-106.94592,2203.6,-90.16705192,,,,,,Good,Good,Good
130,39.685525,-106.9459317,2203.9,-90.60286464,,,,,,Good,Good,Good
131,39.68545167,-106.9458933,2204.1,-90.8954565,,,,,,Good,Good,Good
132,39.68541333,-106.9458283,2204.8,-90.94954497,,,,,,Good,Good,Good
133,39.68534833,-106.94578670000001,2205.4,-91.20133571,,,,,,Good,Good,Good
134,39.68532667,-106.94568829999999,2206.5,-91.11766301,,,,,,Good,Good,Good
135,39.68535833,-106.94559170000001,2207.2,-90.76442313,,,,,,Good,Good,Good
136,39.685385,-106.94551170000001,2208.2,-90.47292834,,,,,,Good,Good,Good
137,39.68537333,-106.94541000000001,2208.3,-90.3663853,,,,,,Good,Good,Good
138,39.68531,-106.9454,2208.4,-90.70521724,,,,,,Good,Good,Good
139,39.68527,-106.94544170000002,2207.7,-90.99047045,,,,,,Good,Good,Good
140,39.68519333,-106.94543999999999,2206.7,-91.40303954,,,,,,Good,Good,Good
141,39.68507333,-106.945375,2206.4,-91.9485846,,,,,,Good,Good,Good
142,39.68497,-106.94534499999999,2205.7,-92.44779023,,,,,,Good,Good,Good
143,39.68485667,-106.9453133,2205.1,-92.98703494,,,,,,Good,Good,Good
144,39.68475,-106.9453217,2204.4,-93.52514985,,,,,,Good,Good,Good
145,39.684655,-106.9453217,2204.2,-93.98508821,,,,,,Good,Good,Good
146,39.68458333,-106.9453017,2204.3,-94.3060881,,,,,,Good,Good,Good
147,39.68449833,-106.94528999999999,2204.2,-94.69278492,,,,,,Good,Good,Good
148,39.684425,-106.94531,2204.5,-95.04788314,,,,,,Good,Good,Good
149,39.684365,-106.94533,2205.1,-95.33702859,,,,,,Good,Good,Good
150,39.684295,-106.945295,2204.8,-95.61894064,,,,,,Good,Good,Good
151,39.684235,-106.9452767,2205.3,-95.86848378,,,,,,Good,Good,Good
152,39.68417,-106.9452533,2205.8,-96.13355891,,,,,,Good,Good,Good
153,39.68409667,-106.9452183,2206.4,-96.4237882,,,,,,Good,Good,Good
154,39.68402667,-106.94521,2206.3,-96.71537605,,,,,,Good,Good,Good
155,39.68397833,-106.94515829999999,2206.8,-96.88535423,,,,,,Good,Good,Good
156,39.68391167,-106.9451217,2207.2,-97.14146888,,,,,,Good,Good,Good
157,39.68386833,-106.94508,2208.0,-97.29767689,,,,,,Good,Good,Good
158,39.68382667,-106.9450433,2208.1,-97.4501221,,,,,,Good,Good,Good
159,39.68379,-106.9449983,2208.9,-97.57893017,,,,,,Good,Good,Good
160,39.68373333,-106.944975,2209.7,-97.79827138,,,,,,Good,Good,Good
161,39.68367333,-106.94495500000001,2210.2,-98.03047504,,,,,,Good,Good,Good
162,39.683625,-106.94494170000002,2210.9,-98.21699462,,,,,,Good,Good,Good
163,39.68357667,-106.94488829999999,2211.8,-98.38855775,,,,,,Good,Good,Good
164,39.68352333,-106.9448733,2212.6,-98.5917008,,,,,,Good,Good,Good
165,39.68346333,-106.9448467,2213.0,-98.81534611,,,,,,Good,Good,Good
166,39.68341333,-106.9448033,2213.5,-98.99510092,,,,,,Good,Good,Good
167,39.68333833,-106.94478829999998,2213.2,-99.27493373,,,,,,Good,Good,Good
168,39.68327,-106.94478670000001,2213.4,-99.52928615,,,,,,Good,Good,Good
169,39.6832,-106.944775,2213.8,-99.78447431,,,,,,Good,Good,Good
170,39.68313667,-106.94477830000001,2213.7,-100.01545581,,,,,,Good,Good,Maybe
171,39.683085,-106.944775,2213.5,-100.20075763,,,,,,Good,Good,Maybe
172,39.68301667,-106.944755,2213.7,-100.44041257,,,,,,Good,Good,Maybe
173,39.682955,-106.9447383,2214.6,-100.6547611,,,,,,Good,Good,Maybe
174,39.68290833,-106.94471829999999,2214.1,-100.81450666,,,,,,Good,Good,Maybe
175,39.682854999999996,-106.94471170000001,2214.7,-100.99810016,,,,,,Good,Good,Maybe
176,39.68282333,-106.9447233,2214.6,-101.10856358,,,,,,Good,Good,Maybe
177,39.68283667,-106.94475,2213.8,-101.06696647,,,,,,Good,Good,Maybe
178,39.682845,-106.94480829999999,2214.8,-101.04892103,,,,,,Good,Good,Maybe
179,39.68288,-106.94483999999999,2212.9,-100.93504903,,,,,,Good,Good,Maybe
180,39.68287667,-106.9449133,2211.3,-100.96418222,,,,,,Good,Good,Maybe
181,39.68290333,-106.94495500000001,2209.7,-100.88372957,,,,,,Good,Good,Maybe
182,39.68288333,-106.945035,2211.4,-100.97761136,,,,,,Good,Good,Maybe
183,39.68287833,-106.94511000000001,2212.3,-101.02142631,,,,,,Good,Good,Maybe
184,39.68287833,-106.94516999999999,2212.3,-101.04513802,,,,,,Good,Good,Maybe
185,39.68287167,-106.9452117,2212.3,-101.08551052,,,,,,Good,Good,Maybe
186,39.68287,-106.94527,2211.3,-101.11751006,,,,,,Good,Good,Maybe
187,39.68287833,-106.9453317,2211.8,-101.11922349,,,,,,Good,Good,Maybe
188,39.68288167,-106.9453767,2211.9,-101.13117914,,,,,,Good,Good,Maybe
189,39.68289667,-106.9454267,2212.2,-101.10767214,,,,,,Good,Good,Maybe
190,39.68291167,-106.945485,2212.4,-101.0906586,,,,,,Good,Good,Maybe
191,39.68292667,-106.9455567,2213.8,-101.08427479,,,,,,Good,Good,Maybe
192,39.68293667,-106.94562830000001,2213.7,-101.09776077,,,,,,Good,Good,Maybe
193,39.68290833,-106.94571670000002,2214.1,-101.25442895,,,,,,Good,Good,Maybe
194,39.68288667,-106.9457683,2214.5,-101.36396339,,,,,,Good,Good,Maybe
195,39.68285333,-106.94583829999999,2215.1,-101.52639296,,,,,,Good,Good,Maybe
196,39.68283333,-106.9459267,2215.0,-101.66118402,,,,,,Good,Good,Maybe
197,39.68276167,-106.94601170000001,2214.9,-101.96065727,,,,,,Good,Good,Maybe
198,39.68277,-106.946095,2215.3,-102.00512678,,,,,,Good,Good,Maybe
199,39.68274167,-106.9462,2215.4,-102.18767572,,,,,,Good,Good,Maybe
200,39.68270167,-106.94628999999999,2215.3,-102.39479282,,,,,,Good,Good,Maybe
201,39.68269167,-106.9463717,2215.9,-102.50338898,,,,,,Good,Good,Maybe
202,39.68269667,-106.9464517,2215.9,-102.56723845,,,,,,Good,Good,Maybe
203,39.68272333,-106.94653829999999,2215.9,-102.57571509,,,,,,Good,Good,Maybe
204,39.682725,-106.9466133,2215.9,-102.65044706,,,,,,Good,Good,Maybe
205,39.68274333,-106.94669170000002,2215.7,-102.68181479,,,,,,Good,Good,Maybe
206,39.68272,-106.946795,2214.7,-102.86720532,,,,,,Good,Good,Maybe
207,39.68267833,-106.94691,2214.4,-103.12111458,,,,,,Good,Good,Maybe
208,39.68262167,-106.94696670000002,2214.3,-103.34907935,,,,,,Good,Good,Maybe
209,39.68259833,-106.94703500000001,2213.7,-103.49533502,,,,,,Good,Good,Maybe
210,39.68264,-106.94705829999998,2213.6,-103.40634691,,,,,,Good,Good,Maybe
211,39.68267,-106.94711670000001,2213.2,-103.39362815,,,,,,Good,Good,Maybe
212,39.68269667,-106.94717,2213.0,-103.38573601,,,,,,Good,Good,Maybe
213,39.682755,-106.94721170000001,2212.6,-103.27639448,,,,,,Good,Good,Maybe
214,39.68283833,-106.9472567,2211.9,-103.10284534,,,,,,Good,Good,Maybe
215,39.68286667,-106.94732169999999,2210.9,-103.11184247,,,,,,Good,Good,Maybe
216,39.68290667,-106.94736499999999,2210.3,-103.06056672,,,,,,Good,Good,Maybe
217,39.68296167,-106.9473733,2210.8,-102.91913515,,,,,,Good,Good,Maybe
218,39.68302667,-106.94738829999999,2209.5,-102.75893042,,,,,,Good,Good,Maybe
219,39.68309,-106.94741670000002,2208.9,-102.62294001,,,,,,Good,Good,Maybe
220,39.68314,-106.947455,2208.1,-102.54009541,,,,,,Good,Good,Maybe
221,39.68319333,-106.94748500000001,2207.4,-102.43635151,,,,,,Good,Good,Maybe
222,39.683240000000005,-106.9475317,2207.4,-102.3786149,,,,,,Good,Good,Maybe
223,39.68328333,-106.9475817,2206.7,-102.33745182,,,,,,Good,Good,Maybe
224,39.68330167,-106.94761670000001,2206.5,-102.34322234,,,,,,Good,Good,Maybe
225,39.68334167,-106.9476217,2206.3,-102.24010192,,,,,,Good,Good,Maybe
226,39.68337333,-106.94766170000001,2205.3,-102.21864196,,,,,,Good,Good,Maybe
227,39.68341333,-106.9477017,2204.0,-102.17542531,,,,,,Good,Good,Maybe
228,39.68342667,-106.947775,2203.6,-102.26458094,,,,,,Good,Good,Maybe
229,39.68345,-106.94783170000001,2203.4,-102.29969289,,,,,,Good,Good,Maybe
230,39.6835,-106.94788,2202.4,-102.24978702,,,,,,Good,Good,Maybe
231,39.68352,-106.94793670000001,2202.1,-102.29788383,,,,,,Good,Good,Maybe
232,39.68355333,-106.94798670000002,2202.2,-102.29995131,,,,,,Good,Good,Maybe
233,39.68359833,-106.94803999999999,2201.7,-102.27920224,,,,,,Good,Good,Maybe
234,39.68364667,-106.948075,2201.2,-102.21750673,,,,,,Good,Good,Maybe
235,39.68367333,-106.9481483,2201.4,-102.28754324,,,,,,Good,Good,Maybe
236,39.683659999999996,-106.9481967,2201.1,-102.41497274,,,,,,Good,Good,Maybe
237,39.68366667,-106.9482067,2201.1,-102.41702814,,,,,,Good,Good,Maybe
238,39.68367167,-106.94822169999999,2201.3,-102.43311085,,,,,,Good,Good,Maybe
239,39.68365833,-106.94826670000002,2201.5,-102.55397454,,,,,,Good,Good,Maybe
240,39.68364667,-106.9483567,2201.0,-102.75725715,,,,,,Good,Good,Maybe
241,39.68361833,-106.9484433,2200.9,-102.99481248,,,,,,Good,Good,Maybe
242,39.68361167,-106.9485433,2200.5,-103.204556,,,,,,Good,Good,Maybe
243,39.68362167,-106.9486033,2200.5,-103.29739489,,,,,,Good,Good,Maybe
244,39.68365167,-106.94866499999999,2200.5,-103.34745473,,,,,,Good,Good,Maybe
245,39.68367833,-106.94873999999999,2200.8,-103.43365267,,,,,,Good,Good,Maybe
246,39.68372,-106.94879669999999,2200.8,-103.45095145,,,,,,Good,Good,Maybe
247,39.68376167,-106.94883999999999,2200.9,-103.44329545,,,,,,Good,Good,Maybe
248,39.68378667,-106.94891170000001,2200.7,-103.53303084,,,,,,Good,Good,Maybe
249,39.68379333,-106.94896670000001,2200.7,-103.63089011,,,,,,Good,Good,Maybe
250,39.68380833,-106.94904170000001,2201.1,-103.75213912,,,,,,Good,Good,Maybe
251,39.683859999999996,-106.94907169999999,2201.1,-103.70172808,,,,,,Good,Good,Maybe
252,39.68391667,-106.9490733,2201.3,-103.58195973,,,,,,Good,Good,Maybe
253,39.68396167,-106.9490967,2201.8,-103.53406344,,,,,,Good,Good,Maybe
254,39.684025,-106.9491233,2201.6,-103.45458016,,,,,,Good,Good,Maybe
255,39.68409833,-106.94913999999999,2201.6,-103.33356349,,,,,,Good,Good,Maybe
256,39.68410833,-106.94921670000001,2201.6,-103.48087625,,,,,,Good,Good,Maybe
257,39.68407,-106.94928329999999,2201.4,-103.70684716,,,,,,Good,Good,Maybe
258,39.68404333,-106.949325,2201.7,-103.85264139,,,,,,Good,Good,Maybe
259,39.684045000000005,-106.94933999999999,2201.9,-103.88170298,,,,,,Good,Good,Maybe
260,39.68407667,-106.9494,2201.7,-103.94761435,,,,,,Good,Good,Maybe
261,39.68411667,-106.94944170000001,2201.9,-103.95826135,,,,,,Good,Good,Maybe
262,39.68416667,-106.94949,2202.2,-103.96518778,,,,,,Good,Good,Maybe
263,39.68420333,-106.9495567,2202.3,-104.04136863,,,,,,Good,Good,Maybe
264,39.68423667,-106.9496217,2202.8,-104.12203832,,,,,,Good,Good,Maybe
265,39.68426667,-106.9496633,2202.9,-104.1580719,,,,,,Good,Good,Maybe
266,39.68430333,-106.94970670000001,2202.9,-104.18669336,,,,,,Good,Good,Maybe
267,39.68434333,-106.9497483,2202.8,-104.20628999,,,,,,Good,Good,Maybe
268,39.68438333,-106.949805,2202.6,-104.26186102,,,,,,Good,Good,Maybe
269,39.68442333,-106.9498533,2202.5,-104.29983606,,,,,,Good,Good,Maybe
270,39.68447167,-106.94988500000001,2202.0,-104.28609379,,,,,,Good,Good,Maybe
271,39.68449667,-106.94993500000001,2201.9,-104.35753813,,,,,,Good,Good,Maybe
272,39.68455167,-106.9499567,2201.9,-104.31146575,,,,,,Good,Good,Maybe
273,39.68461167,-106.94990829999999,2201.0,-104.09217233,,,,,,Good,Good,Maybe
274,39.68466333,-106.94983,2200.2,-103.81362715,,,,,,Good,Good,Maybe
275,39.68472833,-106.949735,2200.1,-103.46616323,,,,,,Good,Good,Maybe
276,39.68479167,-106.94963329999999,2200.2,-103.09902809,,,,,,Good,Good,Maybe
277,39.684845,-106.94953329999998,2199.9,-102.74835174,,,,,,Good,Good,Maybe
278,39.68490167,-106.9494533,2199.7,-102.43641567,,,,,,Good,Good,Maybe
279,39.68495833,-106.94936000000001,2199.2,-102.08489093,,,,,,Good,Good,Maybe
280,39.68501,-106.9492733,2198.8,-101.75464828,,,,,,Good,Good,Maybe
281,39.685075,-106.949165,2198.7,-101.33347486,,,,,,Good,Good,Maybe
282,39.68514167,-106.94907830000001,2198.5,-100.95920874,,,,,,Good,Good,Maybe
283,39.68519667,-106.9490033,2198.3,-100.63539186,,,,,,Good,Good,Maybe
284,39.68527167,-106.94891329999999,2198.3,-100.22022961,,,,,,Good,Good,Maybe
285,39.68531833,-106.9487983,2197.7,-99.78663549,,,,,,Good,Good,Good
286,39.68536833,-106.9487067,2197.7,-99.40553846,,,,,,Good,Good,Good
287,39.685425,-106.94861170000001,2197.8,-98.99144234,,,,,,Good,Good,Good
288,39.68547167,-106.9485,2198.0,-98.54167338,,,,,,Good,Good,Good
289,39.68554333,-106.9483733,2198.1,-97.97316767,,,,,,Good,Good,Good
290,39.68561,-106.948275,2197.9,-97.49252048,,,,,,Good,Good,Good
291,39.68565667,-106.94817330000001,2196.5,-97.04180291,,,,,,Good,Good,Good
292,39.68568667,-106.948075,2195.2,-96.6380969,,,,,,Good,Good,Good
293,39.68567833,-106.9479733,2193.9,-96.32408655,,,,,,Good,Good,Good
294,39.68566333,-106.94786670000002,2192.9,-96.01325223,,,,,,Good,Good,Good
295,39.685635,-106.94778000000001,2192.7,-95.8102549,,,,,,Good,Good,Good
296,39.68560833,-106.9477,2192.6,-95.62836732,,,,,,Good,Good,Good
297,39.68558833,-106.94761499999998,2193.0,-95.41297438,,,,,,Good,Good,Good
298,39.68557167,-106.9475233,2193.3,-95.1682613,,,,,,Good,Good,Good
299,39.68557833,-106.94743000000001,2194.0,-94.84290867,,,,,,Good,Good,Good
300,39.68559167,-106.94731999999999,2195.6,-94.43880284,,,,,,Good,Good,Good
301,39.68566667,-106.94724,2197.0,-93.90832719,,,,,,Good,Good,Good
302,39.68575667,-106.9471817,2197.9,-93.38252748,,,,,,Good,Good,Good
303,39.68584167,-106.94713329999999,2198.5,-92.89703589,,,,,,Good,Good,Good
304,39.68590333,-106.9471217,2199.4,-92.6232729,,,,,,Good,Good,Good
305,39.685984999999995,-106.9471267,2200.0,-92.33375127,,,,,,Good,Good,Good
306,39.68607,-106.947115,2200.4,-91.96814196,,,,,,Good,Good,Good
307,39.68615,-106.9470733,2200.8,-91.49900429,,,,,,Good,Good,Good
308,39.68622333,-106.94703500000001,2201.0,-91.05994847,,,,,,Good,Good,Good
309,39.686285,-106.9469967,2201.2,-90.65832728,,,,,,Good,Good,Good
310,39.68635833,-106.9469617,2201.1,-90.21658422,,,,,,Good,Good,Good
311,39.68645,-106.9469433,2201.1,-89.76716068,,,,,,Good,Good,Good
312,39.68653,-106.94691999999999,2201.4,-89.3375057,,,,,,Good,Good,Good
313,39.686609999999995,-106.9469067,2201.6,-88.95062256,,,,,,Good,Good,Good
314,39.686695,-106.9468767,2202.5,-88.45805795,,,,,,Good,Good,Good
315,39.68677,-106.94686499999999,2203.3,-88.09334342,,,,,,Good,Good,Good
316,39.686840000000004,-106.946845,2203.8,-87.7038347,,,,,,Good,Good,Good
317,39.686915,-106.94681170000001,2204.9,-87.21731451,,,,,,Good,Good,Good
318,39.68699,-106.9467783,2206.2,-86.7220425,,,,,,Good,Good,Good
319,39.68706333,-106.9467817,2207.2,-86.44240986,,,,,,Good,Good,Good
320,39.68714333,-106.9467767,2208.2,-86.09143902,,,,,,Good,Good,Good
321,39.687205,-106.9467717,2209.9,-85.81700322,,,,,,Good,Good,Good
322,39.68726833,-106.9467683,2211.5,-85.54927629,,,,,,Good,Good,Good
323,39.68731667,-106.94676170000001,2213.2,-85.32160061,,,,,,Good,Good,Good
324,39.68738333,-106.9468033,2213.5,-85.34815723,,,,,,Good,Good,Good
325,39.68746333,-106.9467933,2214.8,-84.99668722,,,,,,Good,Good,Good
326,39.68751167,-106.9467517,2216.6,-84.53923971,,,,,,Good,Good,Good
327,39.68756167,-106.9466783,2216.8,-83.83624689,,,,,,Good,Good,Good
328,39.68762667,-106.94665829999998,2217.6,-83.45683105,,,,,,Good,Good,Good
329,39.68768,-106.94659329999999,2220.3,-82.77060823,,,,,,Good,Good,Good
330,39.68774333,-106.9465533,2223.0,-82.22831705,,,,,,Good,Good,Good
331,39.68773667,-106.9465467,2222.6,-82.19868585,,,,,,Good,Good,Good
332,39.68777667,-106.94641999999999,2222.7,-80.99824741,,,,,,Good,Good,Good
333,39.68778333,-106.94631499999998,2223.9,-80.05643766,,,,,,Good,Good,Good
334,39.68781667,-106.9461983,2225.2,-78.84483542,,,,,,Good,Good,Good
335,39.68789,-106.94608500000001,2226.1,-77.39671051,,,,,,Good,Good,Good
336,39.687940000000005,-106.94596170000001,2225.9,-75.84798157,,,,,,Good,Good,Good
337,39.68792333,-106.9458483,2226.5,-74.6769093,,,,,,Good,Good,Good
338,39.68795167,-106.945765,2225.9,-73.52864383,,,,,,Good,Good,Good
339,39.68795333,-106.9456967,2224.6,-72.6875296,,,,,,Good,Good,Good
340,39.68797667,-106.9456467,2223.7,-71.8910651,,,,,,Good,Good,Good
341,39.68799833,-106.9456267,2222.8,-71.47148705,,,,,,Good,Good,Good
342,39.68803,-106.945595,2221.7,-70.80970426,,,,,,Good,Good,Good
343,39.68806,-106.94555,2220.6,-69.95101045,,,,,,Good,Good,Good
344,39.68808167,-106.9455033,2219.6,-69.09682362,,,,,,Good,Good,Good
345,39.68812,-106.94544499999999,2218.8,-67.87852132,,,,,,Good,Good,Good
346,39.688155,-106.94538999999999,2218.1,-66.66807169,,,,,,Good,Good,Good
347,39.688190000000006,-106.945365,2217.3,-65.91603947,,,,,,Good,Good,Good
348,39.68823,-106.94535829999998,2216.3,-65.43642048,,,,,,Good,Good,Good
349,39.68827167,-106.9453317,2215.3,-64.5697061,,,,,,Good,Good,Good
350,39.68830833,-106.9452683,2214.8,-62.95572554,,,,,,Good,Good,Good
351,39.68834333,-106.9452267,2215.0,-61.71922493,,,,,,Good,Good,Good
352,39.68838167,-106.9451817,2214.8,-60.29515958,,,,,,Good,Good,Good
353,39.68842333,-106.94517330000001,2214.8,-59.71152829,,,,,,Good,Good,Good
354,39.68849,-106.9451017,2215.0,-57.18367366,,,,,,Good,Good,Good
355,39.68856333,-106.94504669999999,2215.6,-54.94619144,,,,,,Good,Good,Good
356,39.68855667,-106.94496170000001,2216.2,-51.87300099,,,,,,Good,Good,Good
357,39.688615000000006,-106.94490330000001,2216.9,-49.02823253,,,,,,Good,Good,Good
358,39.68866667,-106.9448117,2217.5,-44.18673931,,,,,,Good,Good,Good
359,39.68872833,-106.9447033,2218.6,-37.50482478,,,,,,Good,Good,Good
360,39.68871,-106.9445733,2218.2,-22.74122308,,,,,,Good,Good,Good
361,39.68867167,-106.9444767,2218.2,11.82239771,,,,,,Good,Good,Good
362,39.68872,-106.9445483,2218.8,-20.11613736,,,,,,Good,Good,Good
363,39.68876167,-106.9446183,2218.2,-31.78249384,,,,,,Good,Good,Good
364,39.68876667,-106.9446317,2217.8,-33.23664092,,,,,,Good,Good,Good
365,39.68880667,-106.94476,2217.3,-43.42312014,,,,,,Good,Good,Good
366,39.68885833,-106.9449183,2216.1,-51.60141111,,,,,,Good,Good,Good
367,39.68891333,-106.94505500000001,2215.2,-56.84731708,,,,,,Good,Good,Good
368,39.68897333,-106.94518500000001,2214.7,-60.89657969,,,,,,Good,Good,Good
369,39.689035,-106.94533500000001,2214.1,-64.66790701,,,,,,Good,Good,Good
370,39.68909167,-106.945485,2213.5,-67.80379884,,,,,,Good,Good,Good
371,39.68914833,-106.94561829999999,2212.8,-70.27064772,,,,,,Good,Good,Good
372,39.68921833,-106.94576,2212.5,-72.65271127,,,,,,Good,Good,Good
373,39.68929167,-106.9459017,2212.2,-74.79878627,,,,,,Good,Good,Good
374,39.689355,-106.94602330000001,2211.7,-76.47549807,,,,,,Good,Good,Good
375,39.689440000000005,-106.946165,2210.9,-78.31779069,,,,,,Good,Good,Good
376,39.68951167,-106.9462817,2209.8,-79.72562405,,,,,,Good,Good,Good
377,39.68957833,-106.94639,2209.4,-80.95049062,,,,,,Good,Good,Good
378,39.68962833,-106.94652669999999,2208.6,-82.2671415,,,,,,Good,Good,Good
379,39.68967167,-106.94668999999999,2207.8,-83.67852535,,,,,,Good,Good,Good
380,39.68971,-106.94683,2206.8,-84.81988589,,,,,,Good,Good,Good
381,39.68974333,-106.94698329999999,2205.5,-85.97559972,,,,,,Good,Good,Good
382,39.68978,-106.947125,2204.6,-87.00559343,,,,,,Good,Good,Good
383,39.68984167,-106.94726000000001,2204.2,-88.00963194,,,,,,Good,Good,Good
384,39.68992667,-106.9473483,2203.3,-88.75389272,,,,,,Good,Good,Good
385,39.69001167,-106.94743999999999,2202.8,-89.49382787,,,,,,Good,Good,Good
386,39.69011,-106.9475267,2202.0,-90.21729347,,,,,,Good,Good,Good
387,39.69020333,-106.9476217,2200.7,-90.94965893,,,,,,Good,Good,Good
388,39.69030833,-106.947725,2199.8,-91.72856529,,,,,,Good,Good,Good
389,39.690395,-106.94782169999999,2198.9,-92.4056117,,,,,,Good,Good,Good
390,39.69047833,-106.94794329999999,2198.5,-93.16643913,,,,,,Good,Good,Good
391,39.69056167,-106.948075,2197.4,-93.94358065,,,,,,Good,Good,Good
392,39.69063167,-106.94819170000001,2196.9,-94.59938502,,,,,,Good,Good,Good
393,39.6907,-106.9483017,2197.1,-95.20362131,,,,,,Good,Good,Good
394,39.69078,-106.9484367,2197.1,-95.91303362,,,,,,Good,Good,Good
395,39.69082667,-106.94857169999999,2196.8,-96.53053994,,,,,,Good,Good,Good
396,39.69083333,-106.9487117,2196.2,-97.07127661,,,,,,Good,Good,Good
397,39.69077833,-106.9488483,2195.3,-97.47641064,,,,,,Good,Good,Good
398,39.69071667,-106.9489333,2193.5,-97.68239183,,,,,,Good,Good,Good
399,39.69063667,-106.94901170000001,2192.9,-97.83905065,,,,,,Good,Good,Good
400,39.69059333,-106.94911670000002,2192.7,-98.15743859,,,,,,Good,Good,Good
401,39.69056,-106.949225,2192.2,-98.50242042,,,,,,Good,Good,Good
402,39.69053167,-106.9492983,2192.0,-98.7266745,,,,,,Good,Good,Good
403,39.69048167,-106.9493767,2191.5,-98.93961677,,,,,,Good,Good,Good
404,39.690445000000004,-106.94949,2191.0,-99.29498996,,,,,,Good,Good,Good
405,39.69042333,-106.9495767,2190.5,-99.57298216,,,,,,Good,Good,Good
406,39.69039333,-106.94966000000001,2190.9,-99.82732451,,,,,,Good,Good,Good
407,39.69038833,-106.94971670000001,2190.4,-100.01723009,,,,,,Good,Good,Maybe
408,39.69035167,-106.9497967,2191.0,-100.25027892,,,,,,Good,Good,Maybe
409,39.69032333,-106.94987169999999,2191.0,-100.4746281,,,,,,Good,Good,Maybe
410,39.6903,-106.94996499999999,2190.6,-100.76427184,,,,,,Good,Good,Maybe
411,39.69028833,-106.95004499999999,2190.2,-101.01853355,,,,,,Good,Good,Maybe
412,39.69027167,-106.95015169999999,2189.6,-101.35275579,,,,,,Good,Good,Maybe
413,39.69023167,-106.9502283,2189.3,-101.56493524,,,,,,Good,Good,Maybe
414,39.69019833,-106.950275,2189.3,-101.68644813,,,,,,Good,Good,Maybe
415,39.69019333,-106.95026670000001,2189.3,-101.65541347,,,,,,Good,Good,Maybe
416,39.69023167,-106.9502233,2189.2,-101.54877598,,,,,,Good,Good,Maybe
417,39.69025667,-106.9501317,2189.7,-101.27354817,,,,,,Good,Good,Maybe
418,39.69027,-106.95005330000001,2189.8,-101.02831214,,,,,,Good,Good,Maybe
419,39.69028,-106.949975,2191.2,-100.77776611,,,,,,Good,Good,Maybe
420,39.69029667,-106.94989170000001,2191.9,-100.51457834,,,,,,Good,Good,Maybe
421,39.69032167,-106.9498217,2191.4,-100.30317624,,,,,,Good,Good,Maybe
422,39.69034667,-106.949735,2192.1,-100.03337243,,,,,,Good,Good,Maybe
423,39.69036833,-106.9496683,2192.7,-99.82721485,,,,,,Good,Good,Good
424,39.6904,-106.9495767,2193.3,-99.54482603,,,,,,Good,Good,Good
425,39.690425,-106.9494767,2193.8,-99.22267061,,,,,,Good,Good,Good
426,39.69046833,-106.9493983,2194.8,-98.99917793,,,,,,Good,Good,Good
427,39.69051167,-106.9492933,2195.6,-98.68066183,,,,,,Good,Good,Good
428,39.69054333,-106.9491733,2196.8,-98.2896418,,,,,,Good,Good,Good
429,39.69056667,-106.94905829999999,2197.6,-97.90084895,,,,,,Good,Good,Good
430,39.69064333,-106.9489933,2198.7,-97.78175821,,,,,,Good,Good,Good
431,39.690725,-106.94891170000001,2202.1,-97.6168929,,,,,,Good,Good,Good
432,39.69076667,-106.948815,2203.3,-97.33182901,,,,,,Good,Good,Good
433,39.690870000000004,-106.9487483,2203.7,-97.27725725,,,,,,Good,Good,Good
434,39.690975,-106.9488067,2202.9,-97.69089462,,,,,,Good,Good,Good
435,39.69105833,-106.9488883,2202.1,-98.13899226,,,,,,Good,Good,Good
436,39.69115667,-106.94899,2200.0,-98.67466078,,,,,,Good,Good,Good
437,39.69125,-106.94911670000002,2198.6,-99.27019843,,,,,,Good,Good,Good
438,39.69132833,-106.949265,2198.2,-99.89068118,,,,,,Good,Good,Good
439,39.69140167,-106.9494017,2199.4,-100.4480329,,,,,,Good,Good,Maybe
440,39.691465,-106.94953999999998,2199.9,-100.97830156,,,,,,Good,Good,Maybe
441,39.691520000000004,-106.94968,2199.7,-101.48643056,,,,,,Good,Good,Maybe
442,39.69158667,-106.94981329999999,2198.2,-101.98127979,,,,,,Good,Good,Maybe
443,39.69164833,-106.9499483,2196.8,-102.4612966,,,,,,Good,Good,Maybe
444,39.69170333,-106.9500767,2196.3,-102.90196557,,,,,,Good,Good,Maybe
445,39.69175,-106.95021670000001,2197.0,-103.35235883,,,,,,Good,Good,Maybe
446,39.691784999999996,-106.9503533,2198.3,-103.76766394,,,,,,Good,Good,Maybe
447,39.691829999999996,-106.9505067,2199.4,-104.23234989,,,,,,Good,Good,Maybe
448,39.69187333,-106.950635,2199.5,-104.62078097,,,,,,Good,Good,Maybe
449,39.69191667,-106.95075829999999,2199.1,-104.98947537,,,,,,Good,Good,Maybe
450,39.69196667,-106.95090829999998,2198.5,-105.42576164,,,,,,Maybe,Maybe,Maybe
451,39.692015000000005,-106.9510517,2198.5,-105.83501099,,,,,,Maybe,Maybe,Maybe
452,39.69204333,-106.9512033,2198.5,-106.2316755,,,,,,Maybe,Maybe,Maybe
453,39.69207333,-106.9513483,2198.3,-106.60781648,,,,,,Maybe,Maybe,Maybe
454,39.6921,-106.95150670000001,2197.3,-107.00447925,,,,,,Maybe,Maybe,Maybe
455,39.69212333,-106.9516683,2196.6,-107.39765901,,,,,,Maybe,Maybe,Maybe
456,39.69215167,-106.95184669999999,2196.4,-107.82652921,,,,,,Maybe,Maybe,Maybe
457,39.692184999999995,-106.95199170000001,2196.5,-108.17953113,,,,,,Maybe,Maybe,Maybe
458,39.69222167,-106.95213500000001,2196.3,-108.52641043,,,,,,Maybe,Maybe,Maybe
459,39.69225667,-106.95231329999999,2196.2,-108.93972618,,,,,,Maybe,Maybe,Maybe
460,39.69229333,-106.952455,2196.4,-109.270949,,,,,,Maybe,Maybe,Maybe
461,39.69234167,-106.95259329999999,2196.0,-109.60081227,,,,,,Maybe,Maybe,Maybe
462,39.69238333,-106.95276499999999,2195.7,-109.98636526,,,,,,Maybe,Maybe,Maybe
463,39.69243667,-106.9529067,2195.7,-110.31600476,,,,,,No,No,No
464,39.69250833,-106.95303329999999,2195.0,-110.62696854,,,,,,No,No,No
465,39.692585,-106.95316329999999,2193.7,-110.94405611,,,,,,No,No,No
466,39.69267167,-106.95328500000001,2192.3,-111.24919589,,,,,,No,No,No
467,39.692755,-106.95338829999999,2190.8,-111.51306113,,,,,,No,No,No
468,39.69285667,-106.9535067,2189.4,-111.81673141,,,,,,No,No,No
469,39.692955,-106.95358,2188.6,-112.03257765,,,,,,No,No,No
470,39.69303833,-106.95360670000001,2189.2,-112.15126296,,,,,,No,No,No
471,39.69313167,-106.95363329999999,2190.1,-112.27846864,,,,,,No,No,No
472,39.69322167,-106.9536483,2190.9,-112.38271741,,,,,,No,No,No
473,39.69330667,-106.9536367,2192.0,-112.43694473,,,,,,No,No,No
474,39.69338667,-106.95362,2192.8,-112.47902875,,,,,,No,No,No
475,39.69348833,-106.95360670000001,2193.8,-112.54761159,,,,,,No,No,No
476,39.69356833,-106.9535733,2194.3,-112.56362816,,,,,,No,No,No
477,39.69363667,-106.9534983,2195.9,-112.49962055,,,,,,No,No,No
478,39.693709999999996,-106.95342,2197.3,-112.4363415,,,,,,No,No,No
479,39.69375333,-106.95338500000001,2197.6,-112.41882037,,,,,,No,No,No
480,39.693785,-106.9533517,2197.8,-112.39334843,,,,,,No,No,No
481,39.69384833,-106.95328329999998,2198.4,-112.34039092,,,,,,No,No,No
482,39.69392333,-106.95323,2198.9,-112.32593605,,,,,,No,No,No
483,39.69395,-106.9531367,2200.6,-112.19651218,,,,,,No,No,No
484,39.69394333,-106.9530767,2203.0,-112.08863262,,,,,,No,No,No
485,39.69394667,-106.95298500000001,2204.1,-111.93711968,,,,,,No,No,No
486,39.69394333,-106.9529,2204.0,-111.78923437,,,,,,No,No,No
487,39.69395833,-106.9527867,2205.1,-111.61218203,,,,,,No,No,No
488,39.69399167,-106.9527,2205.3,-111.50062621,,,,,,No,No,No
489,39.694045,-106.95263999999999,2206.4,-111.45779912,,,,,,No,No,No
490,39.69407167,-106.9525433,2206.9,-111.3230874,,,,,,No,No,No
491,39.69406667,-106.952475,2207.1,-111.20044518,,,,,,No,No,No
492,39.69403167,-106.9524533,2207.0,-111.12252436,,,,,,No,No,No
493,39.69404667,-106.9523983,2207.3,-111.04523754,,,,,,No,No,No
494,39.69402167,-106.952335,2208.4,-110.90628006,,,,,,No,No,No
495,39.69403,-106.9522783,2209.1,-110.81777307,,,,,,No,No,No
496,39.69403167,-106.9522017,2210.1,-110.68648277,,,,,,No,No,No
497,39.69399,-106.95214170000001,2210.3,-110.53072946,,,,,,No,No,No
498,39.69395833,-106.95208999999998,2211.9,-110.40074529,,,,,,No,No,No
499,39.69392333,-106.95203000000001,2213.1,-110.25103537,,,,,,No,No,No
500,39.6939,-106.9519717,2214.4,-110.11785987,,,,,,No,No,No
501,39.69389667,-106.95189170000002,2216.1,-109.97014815,,,,,,Maybe,Maybe,Maybe
502,39.69389,-106.95183670000002,2216.3,-109.86261151,,,,,,Maybe,Maybe,Maybe
503,39.69388333,-106.95181000000001,2215.7,-109.80582924,,,,,,Maybe,Maybe,Maybe
504,39.69388333,-106.95179669999999,2215.4,-109.7818001,,,,,,Maybe,Maybe,Maybe
505,39.693875,-106.951755,2216.2,-109.69548383,,,,,,Maybe,Maybe,Maybe
506,39.69388833,-106.95168170000001,2217.6,-109.57992515,,,,,,Maybe,Maybe,Maybe
507,39.69387667,-106.9516033,2220.0,-109.42172411,,,,,,Maybe,Maybe,Maybe
508,39.69387333,-106.9515033,2221.1,-109.23430454,,,,,,Maybe,Maybe,Maybe
509,39.693835,-106.95139170000002,2222.9,-108.97598848,,,,,,Maybe,Maybe,Maybe
510,39.69380167,-106.9512783,2222.8,-108.7183939,,,,,,Maybe,Maybe,Maybe
511,39.69377167,-106.95117330000001,2222.3,-108.47853436,,,,,,Maybe,Maybe,Maybe
512,39.69372333,-106.951075,2221.9,-108.22209841,,,,,,Maybe,Maybe,Maybe
513,39.69373667,-106.95098999999999,2223.3,-108.07975694,,,,,,Maybe,Maybe,Maybe
514,39.69374167,-106.9509233,2223.3,-107.95992214,,,,,,Maybe,Maybe,Maybe
515,39.69370333,-106.95083329999999,2223.9,-107.72888938,,,,,,Maybe,Maybe,Maybe
516,39.69364667,-106.9507533,2223.8,-107.48641022,,,,,,Maybe,Maybe,Maybe
517,39.693595,-106.950675,2223.0,-107.25215485,,,,,,Maybe,Maybe,Maybe
518,39.693529999999996,-106.9506233,2222.2,-107.04704643,,,,,,Maybe,Maybe,Maybe
519,39.69345,-106.95055829999998,2222.5,-106.78906072,,,,,,Maybe,Maybe,Maybe
520,39.69336667,-106.9505117,2222.6,-106.56038772,,,,,,Maybe,Maybe,Maybe
521,39.69330333,-106.95043829999999,2221.3,-106.30600179,,,,,,Maybe,Maybe,Maybe
522,39.69323667,-106.9503733,2221.4,-106.06062769,,,,,,Maybe,Maybe,Maybe
523,39.69317167,-106.9502817,2221.3,-105.7580135,,,,,,Maybe,Maybe,Maybe
524,39.69307833,-106.9502017,2221.6,-105.42808233,,,,,,Maybe,Maybe,Maybe
525,39.69305167,-106.95009329999999,2222.6,-105.14449342,,,,,,Maybe,Maybe,Maybe
526,39.69304167,-106.94998170000001,2223.4,-104.8799793,,,,,,Good,Good,Maybe
527,39.69299167,-106.9499067,2223.2,-104.62334076,,,,,,Good,Good,Maybe
528,39.6929,-106.949895,2222.0,-104.43247412,,,,,,Good,Good,Maybe
529,39.69282667,-106.94996670000002,2220.1,-104.46717061,,,,,,Good,Good,Maybe
530,39.69270667,-106.94998999999999,2219.4,-104.31240051,,,,,,Good,Good,Maybe
531,39.69259667,-106.9499617,2217.9,-104.05495455,,,,,,Good,Good,Maybe
532,39.69249667,-106.9499733,2216.5,-103.91131846,,,,,,Good,Good,Maybe
533,39.69241333,-106.95003329999999,2214.6,-103.91787386,,,,,,Good,Good,Maybe
534,39.69232167,-106.95007,2213.0,-103.8573933,,,,,,Good,Good,Maybe
535,39.69225,-106.9501017,2210.4,-103.82045415,,,,,,Good,Good,Maybe
536,39.69218833,-106.95009669999999,2209.5,-103.70862348,,,,,,Good,Good,Maybe
537,39.692125,-106.95009830000001,2207.9,-103.61162879,,,,,,Good,Good,Maybe
538,39.69207333,-106.95005829999998,2205.6,-103.42580684,,,,,,Good,Good,Maybe
539,39.692045,-106.9499967,2202.8,-103.219185,,,,,,Good,Good,Maybe
540,39.69206833,-106.94988500000001,2203.2,-102.9630885,,,,,,Good,Good,Maybe
541,39.69202833,-106.94981670000001,2203.4,-102.71433576,,,,,,Good,Good,Maybe
542,39.69199167,-106.9498017,2204.4,-102.61213013,,,,,,Good,Good,Maybe
543,39.691945000000004,-106.94981329999999,2205.4,-102.56503903,,,,,,Good,Good,Maybe
544,39.69189667,-106.9497717,2206.3,-102.37044057,,,,,,Good,Good,Maybe
545,39.691835,-106.9497233,2205.6,-102.13266884,,,,,,Good,Good,Maybe
546,39.69178,-106.94964669999999,2204.9,-101.82407226,,,,,,Good,Good,Maybe
547,39.69174833,-106.94952669999999,2204.9,-101.42658992,,,,,,Good,Good,Maybe
548,39.691685,-106.94944170000001,2204.6,-101.06720697,,,,,,Good,Good,Maybe
549,39.691590000000005,-106.94941670000001,2203.5,-100.82372474,,,,,,Good,Good,Maybe
550,39.69149333,-106.9493883,2202.8,-100.56681735,,,,,,Good,Good,Maybe
551,39.69141833,-106.9493283,2201.4,-100.24949156,,,,,,Good,Good,Maybe
552,39.69134167,-106.94928829999999,2198.6,-99.98824253,,,,,,Good,Good,Good
553,39.69126833,-106.9491717,2198.5,-99.48315174,,,,,,Good,Good,Good
554,39.69118167,-106.9490433,2199.6,-98.90083157,,,,,,Good,Good,Good
555,39.69110167,-106.94893,2200.0,-98.3659589,,,,,,Good,Good,Good
556,39.691015,-106.948815,2200.5,-97.79762406,,,,,,Good,Good,Good
557,39.69092667,-106.94868670000001,2201.2,-97.16094165,,,,,,Good,Good,Good
558,39.69084667,-106.9485483,2201.8,-96.48220489,,,,,,Good,Good,Good
559,39.69077333,-106.9484433,2201.8,-95.9248998,,,,,,Good,Good,Good
560,39.69075833,-106.9483067,2202.3,-95.35139043,,,,,,Good,Good,Good
561,39.69078667,-106.94819170000001,2203.5,-94.9525395,,,,,,Good,Good,Good
562,39.6908,-106.9480883,2205.5,-94.56370038,,,,,,Good,Good,Good
563,39.69080833,-106.947975,2206.3,-94.11824102,,,,,,Good,Good,Good
564,39.69081667,-106.9478617,2208.0,-93.66805555,,,,,,Good,Good,Good
565,39.69077333,-106.94777169999999,2207.4,-93.168683,,,,,,Good,Good,Good
566,39.69069667,-106.9477233,2208.6,-92.74620103,,,,,,Good,Good,Good
567,39.69064833,-106.9476783,2209.9,-92.4111206,,,,,,Good,Good,Good
568,39.69062333,-106.9475867,2211.6,-91.924016,,,,,,Good,Good,Good
569,39.69062667,-106.9475233,2213.8,-91.64206603,,,,,,Good,Good,Good
570,39.69060167,-106.94748500000001,2215.1,-91.3887193,,,,,,Good,Good,Good
571,39.690575,-106.94742169999999,2216.8,-91.00826028,,,,,,Good,Good,Good
572,39.690545,-106.9473433,2219.4,-90.53689689,,,,,,Good,Good,Good
573,39.69049333,-106.947275,2221.2,-90.03352786,,,,,,Good,Good,Good
574,39.690475,-106.94716329999999,2223.3,-89.40902044,,,,,,Good,Good,Good
575,39.69046667,-106.94707,2224.0,-88.9005639,,,,,,Good,Good,Good
576,39.69043167,-106.9469633,2225.5,-88.21129997,,,,,,Good,Good,Good
577,39.69041667,-106.946905,2226.6,-87.8415498,,,,,,Good,Good,Good
578,39.69041667,-106.9468467,2227.7,-87.52639144,,,,,,Good,Good,Good
579,39.690490000000004,-106.94680670000001,2227.6,-87.61288637,,,,,,Good,Good,Good
580,39.690525,-106.94670670000001,2228.4,-87.23564043,,,,,,Good,Good,Good
581,39.69054167,-106.9465983,2229.0,-86.74153091,,,,,,Good,Good,Good
582,39.69057,-106.94651329999999,2229.8,-86.4325569,,,,,,Good,Good,Good
583,39.69060667,-106.9464267,2230.2,-86.16930724,,,,,,Good,Good,Good
584,39.69065167,-106.9463217,2231.3,-85.87546785,,,,,,Good,Good,Good
585,39.690625,-106.94625330000001,2231.7,-85.38619545,,,,,,Good,Good,Good
586,39.69063333,-106.946145,2232.7,-84.89159632,,,,,,Good,Good,Good
587,39.69062833,-106.94601829999999,2233.9,-84.23484078,,,,,,Good,Good,Good
588,39.69056667,-106.9459517,2233.0,-83.50798092,,,,,,Good,Good,Good
589,39.690490000000004,-106.94590500000001,2230.3,-82.75662357,,,,,,Good,Good,Good
590,39.69042333,-106.94583999999999,2227.9,-81.94646226,,,,,,Good,Good,Good
591,39.69037833,-106.945765,2226.8,-81.2072556,,,,,,Good,Good,Good
592,39.69032667,-106.9456967,2226.1,-80.43061503,,,,,,Good,Good,Good
593,39.69027167,-106.9456933,2225.5,-79.9800645,,,,,,Good,Good,Good
594,39.69018667,-106.94566329999999,2224.4,-79.11601056,,,,,,Good,Good,Good
595,39.690104999999996,-106.94561170000001,2224.9,-78.1008118,,,,,,Good,Good,Good
596,39.69003,-106.94557830000001,2223.5,-77.22033706,,,,,,Good,Good,Good
597,39.68999333,-106.94556670000001,2222.0,-76.81069851,,,,,,Good,Good,Good
598,39.68993667,-106.9454717,2224.0,-75.57774513,,,,,,Good,Good,Good
599,39.68987333,-106.9454733,2223.7,-74.97230549,,,,,,Good,Good,Good
600,39.68978833,-106.94543829999999,2223.1,-73.82929368,,,,,,Good,Good,Good
601,39.68975833,-106.94533670000001,2223.1,-72.62125162,,,,,,Good,Good,Good
602,39.68968667,-106.945305,2222.7,-71.51007847,,,,,,Good,Good,Good
603,39.68963,-106.94525,2222.5,-70.28986617,,,,,,Good,Good,Good
604,39.68957333,-106.9452467,2222.0,-69.53961513,,,,,,Good,Good,Good
605,39.68949,-106.945245,2221.6,-68.45137239,,,,,,Good,Good,Good
606,39.68938833,-106.9452233,2221.0,-66.84076157,,,,,,Good,Good,Good
607,39.68933667,-106.9452017,2220.9,-65.83879733,,,,,,Good,Good,Good
608,39.68926833,-106.94516329999999,2220.8,-64.29055146,,,,,,Good,Good,Good
609,39.68917667,-106.9452033,2220.6,-63.71515986,,,,,,Good,Good,Good
610,39.68908833,-106.9452733,2220.6,-63.98464022,,,,,,Good,Good,Good
611,39.689015000000005,-106.94518670000001,2220.3,-61.3919681,,,,,,Good,Good,Good
612,39.68894333,-106.94505330000001,2220.7,-57.20062112,,,,,,Good,Good,Good
613,39.68888667,-106.9448983,2221.2,-51.39702051,,,,,,Good,Good,Good
614,39.688829999999996,-106.9447433,2222.0,-43.28092413,,,,,,Good,Good,Good
615,39.68876167,-106.9445983,2222.3,-30.00660739,,,,,,Good,Good,Good
616,39.68871167,-106.9445117,2222.1,-13.07544086,,,,,,Good,Good,Good
617,39.6887,-106.94448829999999,2221.4,-6.27875034,,,,,,Good,Good,Good
618,39.68874833,-106.9444667,2221.0,-19.21484838,,,,,,Good,Good,Good
619,39.68881833,-106.9444283,2221.6,-30.73922964,,,,,,Good,Good,Good
620,39.68890167,-106.9443683,2222.7,-39.75631428,,,,,,Good,Good,Good
621,39.68898833,-106.9443467,2223.1,-45.40190576,,,,,,Good,Good,Good
622,39.689075,-106.944355,2223.2,-49.41016706,,,,,,Good,Good,Good
623,39.68916,-106.94431999999999,2223.5,-53.1857698,,,,,,Good,Good,Good
624,39.68922333,-106.944225,2224.5,-56.38975021,,,,,,Good,Good,Good
625,39.68928333,-106.94416170000001,2225.0,-58.83438104,,,,,,Good,Good,Good
626,39.68937333,-106.94413329999999,2224.8,-61.32416507,,,,,,Good,Good,Good
627,39.68943667,-106.9441133,2225.3,-62.91040079,,,,,,Good,Good,Good
628,39.689525,-106.94409830000001,2225.9,-64.82588372,,,,,,Good,Good,Good
629,39.689609999999995,-106.9440717,2226.5,-66.60870023,,,,,,Good,Good,Good
630,39.68967667,-106.9440133,2226.5,-68.17037953,,,,,,Good,Good,Good
631,39.68974167,-106.9439517,2228.1,-69.62667814,,,,,,Good,Good,Good
632,39.68980833,-106.943895,2228.8,-70.98285879,,,,,,Good,Good,Good
633,39.68987,-106.943825,2229.3,-72.28333925,,,,,,Good,Good,Good
634,39.68995833,-106.943805,2230.4,-73.51352611,,,,,,Good,Good,Good
635,39.690025,-106.9437267,2230.8,-74.77423996,,,,,,Good,Good,Good
636,39.69007333,-106.94369170000002,2231.4,-75.51743999,,,,,,Good,Good,Good
637,39.69009167,-106.94368670000001,2232.0,-75.74405429,,,,,,Good,Good,Good
638,39.69016667,-106.9436567,2233.5,-76.6986586,,,,,,Good,Good,Good
639,39.69024667,-106.943605,2234.7,-77.77262675,,,,,,Good,Good,Good
640,39.69030667,-106.94358170000001,2235.4,-78.46373504,,,,,,Good,Good,Good
641,39.690385,-106.94357169999999,2236.5,-79.23488499,,,,,,Good,Good,Good
642,39.690465,-106.94355,2237.5,-80.04779143,,,,,,Good,Good,Good
643,39.690529999999995,-106.9434483,2238.0,-81.05336823,,,,,,Good,Good,Good
644,39.69060333,-106.94336499999999,2238.4,-82.00767869,,,,,,Good,Good,Good
645,39.69067167,-106.94326670000001,2239.4,-82.95211953,,,,,,Good,Good,Good
646,39.69075,-106.9431733,2240.2,-83.91010732,,,,,,Good,Good,Good
647,39.69084,-106.94307169999999,2241.3,-84.9389017,,,,,,Good,Good,Good
648,39.69090667,-106.94296999999999,2242.2,-85.77859575,,,,,,Good,Good,Good
649,39.69098667,-106.94288829999999,2242.4,-86.58827833,,,,,,Good,Good,Good
650,39.69101667,-106.9428867,2242.2,-86.77006089,,,,,,Good,Good,Good
651,39.69106167,-106.9428483,2242.1,-87.17854828,,,,,,Good,Good,Good
652,39.69111333,-106.9427533,2243.2,-87.83069795,,,,,,Good,Good,Good
653,39.69118667,-106.942655,2243.7,-88.59287287,,,,,,Good,Good,Good
654,39.69124667,-106.94256499999999,2244.5,-89.23273215,,,,,,Good,Good,Good
655,39.691305,-106.9425017,2245.2,-89.75083297,,,,,,Good,Good,Good
656,39.69132833,-106.94245500000001,2245.5,-90.03114177,,,,,,Good,Good,Good
657,39.69136333,-106.94237,2246.4,-90.49946108,,,,,,Good,Good,Good
658,39.69140333,-106.9422683,2247.3,-91.04203443,,,,,,Good,Good,Good
659,39.69142667,-106.9421883,2247.9,-91.42714347,,,,,,Good,Good,Good
660,39.69146167,-106.94210670000001,2248.8,-91.86248937,,,,,,Good,Good,Good
661,39.69149667,-106.94203999999999,2249.7,-92.23910101,,,,,,Good,Good,Good
662,39.69152167,-106.9419733,2249.9,-92.57027466,,,,,,Good,Good,Good
663,39.69153833,-106.94190829999998,2250.9,-92.85947253,,,,,,Good,Good,Good
664,39.69159833,-106.94188829999999,2251.2,-93.15873665,,,,,,Good,Good,Good
665,39.69157833,-106.94178829999998,2252.0,-93.42174061,,,,,,Good,Good,Good
666,39.69154333,-106.941755,2252.2,-93.40667936,,,,,,Good,Good,Good
667,39.691495,-106.94168329999998,2253.0,-93.48116959,,,,,,Good,Good,Good
668,39.69153,-106.9415933,2253.9,-93.91913569,,,,,,Good,Good,Good
669,39.691505,-106.94151670000001,2254.5,-94.10072665,,,,,,Good,Good,Good
670,39.69148,-106.9414183,2255.3,-94.36343056,,,,,,Good,Good,Good
671,39.691485,-106.94131999999999,2256.3,-94.72522115,,,,,,Good,Good,Good
672,39.691455,-106.94121000000001,2257.2,-95.01945326,,,,,,Good,Good,Good
673,39.69149833,-106.9411217,2256.9,-95.4575488,,,,,,Good,Good,Good
674,39.69152333,-106.94104170000001,2256.8,-95.80596469,,,,,,Good,Good,Good
675,39.69156667,-106.9410183,2257.3,-96.00962474,,,,,,Good,Good,Good
676,39.69158833,-106.94091670000002,2257.4,-96.41199764,,,,,,Good,Good,Good
677,39.69157667,-106.94084,2258.2,-96.63655341,,,,,,Good,Good,Good
678,39.69160167,-106.94076329999999,2257.4,-96.95771991,,,,,,Good,Good,Good
679,39.69160333,-106.9406733,2256.9,-97.25831309,,,,,,Good,Good,Good
680,39.69164167,-106.94063500000001,2255.8,-97.48056263,,,,,,Good,Good,Good
681,39.69167,-106.94058000000001,2253.6,-97.729011,,,,,,Good,Good,Good
682,39.69165167,-106.9405183,2253.0,-97.88188231,,,,,,Good,Good,Good
683,39.69162667,-106.94046829999999,2253.2,-97.98226932,,,,,,Good,Good,Good
684,39.69159833,-106.94044170000001,2253.7,-98.00070051,,,,,,Good,Good,Good
685,39.69156667,-106.9403983,2252.6,-98.06711208,,,,,,Good,Good,Good
686,39.69149167,-106.940385,2252.7,-97.93760347,,,,,,Good,Good,Good
687,39.69144833,-106.94031670000001,2253.6,-98.06543551,,,,,,Good,Good,Good
688,39.69141167,-106.9402267,2253.8,-98.28316687,,,,,,Good,Good,Good
689,39.69137833,-106.94018829999999,2253.4,-98.33939719,,,,,,Good,Good,Good
690,39.69138,-106.94013999999999,2254.1,-98.50296721,,,,,,Good,Good,Good
691,39.691395,-106.9401,2254.1,-98.66571394,,,,,,Good,Good,Good
692,39.691425,-106.94003500000001,2256.7,-98.93896715,,,,,,Good,Good,Good
693,39.6914,-106.93998329999998,2256.5,-99.05639692,,,,,,Good,Good,Good
694,39.69138333,-106.9399483,2256.9,-99.13692569,,,,,,Good,Good,Good
695,39.69141,-106.939935,2257.1,-99.23204965,,,,,,Good,Good,Good
696,39.691415,-106.93986170000001,2257.1,-99.47660556,,,,,,Good,Good,Good
697,39.69146333,-106.93983500000002,2257.1,-99.65367406,,,,,,Good,Good,Good
698,39.691455,-106.9397283,2257.0,-99.97293465,,,,,,Good,Good,Good
699,39.69143833,-106.93961170000001,2257.1,-100.30542485,,,,,,Good,Good,Maybe
700,39.691425,-106.9394867,2259.8,-100.66720786,,,,,,Good,Good,Maybe
701,39.69142667,-106.9394433,2260.4,-100.80267348,,,,,,Good,Good,Maybe
702,39.69140167,-106.93938500000002,2260.6,-100.93861088,,,,,,Good,Good,Maybe
703,39.69134667,-106.9393033,2260.8,-101.09830962,,,,,,Good,Good,Maybe
704,39.691295000000004,-106.93923329999998,2260.7,-101.23065753,,,,,,Good,Good,Maybe
705,39.69123,-106.93916999999999,2261.1,-101.32540456,,,,,,Good,Good,Maybe
706,39.69115833,-106.93915,2260.4,-101.28160543,,,,,,Good,Good,Maybe
707,39.69107667,-106.9391017,2259.2,-101.31441286,,,,,,Good,Good,Maybe
708,39.69101333,-106.93905829999999,2258.2,-101.36179685,,,,,,Good,Good,Maybe
709,39.69101667,-106.938985,2259.1,-101.5926304,,,,,,Good,Good,Maybe
710,39.69099,-106.9388767,2258.8,-101.88916785,,,,,,Good,Good,Maybe
711,39.69094167,-106.93878500000001,2257.7,-102.10724498,,,,,,Good,Good,Maybe
712,39.69088833,-106.93865670000001,2259.0,-102.43028688,,,,,,Good,Good,Maybe
713,39.69078833,-106.9386717,2259.4,-102.27153709,,,,,,Good,Good,Maybe
714,39.6907,-106.93863,2259.5,-102.30182478,,,,,,Good,Good,Maybe
715,39.69060167,-106.9386483,2259.0,-102.14230841,,,,,,Good,Good,Maybe
716,39.690495,-106.93870829999999,2259.4,-101.84642217,,,,,,Good,Good,Maybe
717,39.69037667,-106.9387533,2258.6,-101.5867396,,,,,,Good,Good,Maybe
718,39.69025167,-106.9388033,2256.9,-101.30684408,,,,,,Good,Good,Maybe
719,39.69013667,-106.9388617,2256.2,-101.0104385,,,,,,Good,Good,Maybe
720,39.69003,-106.93893,2255.8,-100.68854217,,,,,,Good,Good,Maybe
721,39.68993,-106.9390183,2254.7,-100.30210539,,,,,,Good,Good,Maybe
722,39.68983333,-106.93909170000002,2254.2,-99.96741804,,,,,,Good,Good,Good
723,39.68972333,-106.93917830000001,2253.4,-99.57353748,,,,,,Good,Good,Good
724,39.68962333,-106.939205,2252.9,-99.40546379,,,,,,Good,Good,Good
725,39.68951167,-106.939245,2252.1,-99.18548789,,,,,,Good,Good,Good
726,39.68939167,-106.939325,2251.2,-98.81457708,,,,,,Good,Good,Good
727,39.68927,-106.93940829999998,2249.7,-98.43175851,,,,,,Good,Good,Good
728,39.68914333,-106.93948999999999,2247.7,-98.05545304,,,,,,Good,Good,Good
729,39.689075,-106.93964170000001,2246.4,-97.41674886,,,,,,Good,Good,Good
730,39.689040000000006,-106.93973670000001,2245.0,-97.01009752,,,,,,Good,Good,Good
731,39.68904833,-106.93983999999999,2245.8,-96.5751031,,,,,,Good,Good,Good
732,39.68898667,-106.9399367,2245.2,-96.13461412,,,,,,Good,Good,Good
733,39.68898667,-106.94004,2243.8,-95.67651382,,,,,,Good,Good,Good
734,39.68905333,-106.9401767,2244.2,-95.08021247,,,,,,Good,Good,Good
735,39.68897667,-106.94024669999999,2243.2,-94.7236171,,,,,,Good,Good,Good
736,39.68892333,-106.94034170000002,2240.7,-94.25312173,,,,,,Good,Good,Good
737,39.68884,-106.9404383,2238.3,-93.75857028,,,,,,Good,Good,Good
738,39.68878667,-106.9406183,2236.1,-92.83630953,,,,,,Good,Good,Good
739,39.68878333,-106.9406733,2234.1,-92.54866779,,,,,,Good,Good,Good
740,39.68881167,-106.94077,2232.6,-92.039815,,,,,,Good,Good,Good
741,39.68878833,-106.9408367,2231.8,-91.67176508,,,,,,Good,Good,Good
742,39.68877667,-106.9409,2232.2,-91.31869798,,,,,,Good,Good,Good
743,39.68878,-106.94095,2232.3,-91.03789378,,,,,,Good,Good,Good
744,39.688759999999995,-106.94102,2232.1,-90.63310448,,,,,,Good,Good,Good
745,39.68873,-106.94109329999999,2231.8,-90.19949553,,,,,,Good,Good,Good
746,39.68873,-106.9411517,2231.8,-89.85112827,,,,,,Good,Good,Good
747,39.68872667,-106.94118,2232.2,-89.67962153,,,,,,Good,Good,Good
748,39.68870833,-106.94124,2232.1,-89.30975578,,,,,,Good,Good,Good
749,39.688725,-106.9413267,2232.4,-88.76851302,,,,,,Good,Good,Good
750,39.68869667,-106.94138670000001,2232.0,-88.38013884,,,,,,Good,Good,Good
751,39.68864,-106.9414067,2231.8,-88.24811701,,,,,,Good,Good,Good
752,39.68859833,-106.9414467,2231.8,-87.98843448,,,,,,Good,Good,Good
753,39.688584999999996,-106.94145,2230.7,-87.96840503,,,,,,Good,Good,Good
754,39.68853667,-106.94144170000001,2231.5,-88.03271886,,,,,,Good,Good,Good
755,39.68850833,-106.94140829999999,2231.2,-88.25933143,,,,,,Good,Good,Good
756,39.68846,-106.94138500000001,2230.9,-88.42731455,,,,,,Good,Good,Good
757,39.68839167,-106.94138170000001,2230.8,-88.48069775,,,,,,Good,Good,Good
758,39.68831833,-106.94136,2230.9,-88.66402956,,,,,,Good,Good,Good
759,39.688225,-106.94132830000001,2230.3,-88.93500056,,,,,,Good,Good,Good
760,39.688155,-106.9412933,2229.6,-89.2149057,,,,,,Good,Good,Good
761,39.68806667,-106.9412883,2228.9,-89.33707337,,,,,,Good,Good,Good
762,39.68797167,-106.94129,2228.3,-89.44075018,,,,,,Good,Good,Good
763,39.68788,-106.94130829999999,2228.0,-89.45665759,,,,,,Good,Good,Good
764,39.68780833,-106.94131170000001,2227.7,-89.54505369,,,,,,Good,Good,Good
765,39.687740000000005,-106.94131999999999,2227.3,-89.60785097,,,,,,Good,Good,Good
766,39.68768,-106.94134170000001,2227.0,-89.58608649,,,,,,Good,Good,Good
767,39.68763,-106.9413733,2226.6,-89.49517599,,,,,,Good,Good,Good
768,39.68758667,-106.941425,2227.6,-89.27930401,,,,,,Good,Good,Good
769,39.68755667,-106.94148500000001,2228.6,-88.98993848,,,,,,Good,Good,Good
770,39.68755167,-106.94158329999999,2229.3,-88.41393029,,,,,,Good,Good,Good
771,39.68759333,-106.9416933,2230.2,-87.63831832,,,,,,Good,Good,Good
772,39.68765333,-106.94183999999998,2231.2,-86.54351439,,,,,,Good,Good,Good
773,39.68772,-106.94199170000002,2231.3,-85.33246895,,,,,,Good,Good,Good
774,39.68777833,-106.9421317,2231.3,-84.15481064,,,,,,Good,Good,Good
775,39.68785167,-106.94225,2230.9,-83.03312135,,,,,,Good,Good,Good
776,39.687909999999995,-106.9423683,2231.7,-81.89213884,,,,,,Good,Good,Good
777,39.68798167,-106.94252,2231.9,-80.33833029,,,,,,Good,Good,Good
778,39.68804,-106.9426483,2231.6,-78.93179185,,,,,,Good,Good,Good
779,39.68809,-106.94279170000001,2230.5,-77.28802743,,,,,,Good,Good,Good
780,39.68815,-106.942935,2228.5,-75.45967215,,,,,,Good,Good,Good
781,39.68820667,-106.94305829999999,2227.3,-73.72104029,,,,,,Good,Good,Good
782,39.68827667,-106.9431983,2225.7,-71.5239291,,,,,,Good,Good,Good
783,39.68835333,-106.9433383,2224.9,-69.03607131,,,,,,Good,Good,Good
784,39.68842333,-106.943455,2223.5,-66.68858972,,,,,,Good,Good,Good
785,39.68843333,-106.9433833,2223.0,-67.95242591,,,,,,Good,Good,Good
786,39.68849667,-106.94334669999999,2223.0,-68.40745185,,,,,,Good,Good,Good
787,39.68857833,-106.9433433,2222.8,-68.32267646,,,,,,Good,Good,Good
788,39.68863833,-106.94336670000001,2222.4,-67.8638883,,,,,,Good,Good,Good
789,39.68867667,-106.9434017,2222.6,-67.22525294,,,,,,Good,Good,Good
790,39.68874167,-106.9434267,2222.5,-66.82173189,,,,,,Good,Good,Good
791,39.68878667,-106.943495,2222.6,-65.58724953,,,,,,Good,Good,Good
792,39.688845,-106.94356670000002,2223.6,-64.3216419,,,,,,Good,Good,Good
793,39.68882833,-106.94363829999999,2223.9,-62.66957433,,,,,,Good,Good,Good
794,39.68882333,-106.9437317,2224.2,-60.38151641,,,,,,Good,Good,Good
795,39.688815000000005,-106.94381829999999,2223.9,-57.97959717,,,,,,Good,Good,Good
796,39.68881833,-106.94391999999999,2225.3,-54.87089301,,,,,,Good,Good,Good
797,39.688784999999996,-106.94398329999999,2224.6,-52.28718343,,,,,,Good,Good,Good
798,39.688815000000005,-106.94406000000001,2225.4,-49.62139284,,,,,,Good,Good,Good
799,39.68880167,-106.9441,2225.9,-47.63191524,,,,,,Good,Good,Good
800,39.68874833,-106.94418999999999,2224.1,-41.71977314,,,,,,Good,Good,Good
801,39.68868833,-106.94426000000001,2222.7,-35.23145516,,,,,,Good,Good,Good
802,39.688695,-106.94438829999999,2223.4,-18.87448528,,,,,,Good,Good,Good

